SITE NUMBER,APPROVING MANAGER,APPROVAL DATE,APPROVAL TIME,INVENTORY DATE,INVENTORY TIME
10309,10307-sm,11/4/2020,20:10:04,11/4/2020,20:10:31
GTIN,Current Inventory,,,,
101755346,2,,,,
101755349,1,,,,
101755356,2,,,,
101755359,1,,,,
3783617,2,,,,
124875059,2,,,,
124875063,1,,,,
124875071,2,,,,
124875081,1,,,,
3782931,1,,,,
113001528,4,,,,
113001533,3,,,,
113001537,1,,,,
113001544,1,,,,
3782879,3,,,,
3782880,3,,,,
3782881,2,,,,
3782882,1,,,,
3782883,1,,,,
3782884,2,,,,
122800410,3,,,,
122800413,2,,,,
122800416,1,,,,
122800419,2,,,,
122800421,1,,,,
122800423,1,,,,
3805670,3,,,,
3805671,3,,,,
3805672,2,,,,
3805673,1,,,,
3805674,1,,,,
3805675,2,,,,
3805656,4,,,,
3805657,4,,,,
3805658,3,,,,
3805659,1,,,,
3805660,1,,,,
3805661,2,,,,
125925059,2,,,,
125925060,2,,,,
125925061,1,,,,
125925062,1,,,,
125925064,1,,,,
3782886,3,,,,
3782887,3,,,,
3782888,1,,,,
3782889,2,,,,
3782890,1,,,,
3782891,1,,,,
3783098,1,,,,
117400838,2,,,,
117400844,1,,,,
117400860,1,,,,
117400864,2,,,,
117400869,1,,,,
117400874,2,,,,
117400881,1,,,,
117400885,1,,,,
122850270,1,,,,
122750043,1,,,,
3806578,3,,,,
3806579,1,,,,
3806580,2,,,,
114850042,1,,,,
3806581,5,,,,
114850045,1,,,,
3806606,2,,,,
3806607,1,,,,
3806608,4,,,,
3806609,2,,,,
3806610,2,,,,
3806599,3,,,,
3806601,2,,,,
3806602,4,,,,
3806603,2,,,,
3806604,2,,,,
3690475,1,,,,
3795950,5,,,,
3795951,5,,,,
3795952,14,,,,
3795954,4,,,,
123050565,1,,,,
123050573,1,,,,
123050581,2,,,,
123050594,1,,,,
123050619,1,,,,
3795963,1,,,,
3795964,3,,,,
3795965,2,,,,
3795967,1,,,,
3795976,3,,,,
3795977,3,,,,
3795978,5,,,,
3795979,1,,,,
3795980,1,,,,
3795989,3,,,,
3795990,2,,,,
3795991,7,,,,
3795993,4,,,,
121700246,2,,,,
3752295,3,,,,
3752296,4,,,,
3752297,2,,,,
3752298,12,,,,
3752299,2,,,,
123051288,2,,,,
123051294,2,,,,
123051299,1,,,,
123051310,1,,,,
3778780,1,,,,
3778781,1,,,,
3778782,3,,,,
3778783,1,,,,
3778784,1,,,,
3778785,6,,,,
3778786,2,,,,
3752347,5,,,,
3752348,4,,,,
3752349,4,,,,
3752350,3,,,,
3777885,4,,,,
3777886,7,,,,
3777887,1,,,,
3777888,4,,,,
3777889,4,,,,
114826609,1,,,,
123030152,1,,,,
104452309,1,,,,
101751885,1,,,,
121700055,1,,,,
123030889,1,,,,
107376572,2,,,,
123030896,2,,,,
107376574,3,,,,
123030902,2,,,,
107376576,4,,,,
123030906,2,,,,
107376579,5,,,,
123030911,2,,,,
123030948,1,,,,
123030953,2,,,,
123030955,2,,,,
123030958,2,,,,
123030963,2,,,,
107376635,1,,,,
121700198,1,,,,
107376638,3,,,,
107376640,2,,,,
107376641,9,,,,
107376643,5,,,,
107376619,2,,,,
121700137,1,,,,
121700143,3,,,,
107376622,2,,,,
107376625,8,,,,
107376627,8,,,,
3823241,1,,,,
121700066,1,,,,
3823243,3,,,,
123031023,2,,,,
123031024,2,,,,
3823245,3,,,,
3823246,5,,,,
123031030,2,,,,
123031070,3,,,,
123031073,2,,,,
123031075,2,,,,
123031082,2,,,,
121700204,1,,,,
3823295,2,,,,
3823296,3,,,,
3823297,2,,,,
3823298,5,,,,
3823282,4,,,,
121700153,2,,,,
3823284,2,,,,
3823285,1,,,,
107376695,1,,,,
102975374,3,,,,
102975376,3,,,,
102975377,2,,,,
102975378,2,,,,
102975381,2,,,,
125026699,1,,,,
125026709,2,,,,
125026710,1,,,,
125026711,2,,,,
125026755,1,,,,
125026765,2,,,,
125026766,2,,,,
125026767,2,,,,
104426010,1,,,,
104426013,1,,,,
104426016,2,,,,
104426020,1,,,,
104426023,1,,,,
104425847,7,,,,
104425850,4,,,,
104425853,2,,,,
104425856,3,,,,
104425860,1,,,,
104425862,2,,,,
110100393,2,,,,
110100394,4,,,,
110100395,2,,,,
110100396,1,,,,
110100398,1,,,,
110100403,1,,,,
104425865,5,,,,
104425869,4,,,,
104425873,2,,,,
104425874,2,,,,
104425882,2,,,,
114806175,4,,,,
104453383,3,,,,
114806178,2,,,,
114806181,3,,,,
104453392,1,,,,
104453396,1,,,,
104453400,1,,,,
110100369,1,,,,
114806159,2,,,,
114806162,3,,,,
114806164,2,,,,
114806167,1,,,,
110100374,2,,,,
104425696,5,,,,
104425699,4,,,,
104425702,2,,,,
104425704,3,,,,
104425707,1,,,,
104425710,2,,,,
123027036,2,,,,
123027045,2,,,,
123027053,1,,,,
123027060,1,,,,
123026758,1,,,,
123026774,2,,,,
123026789,1,,,,
123026804,1,,,,
117403592,4,,,,
117403643,4,,,,
117403678,3,,,,
117403698,3,,,,
110100386,5,,,,
114803708,1,,,,
110100387,4,,,,
114803710,1,,,,
110100388,1,,,,
114803711,1,,,,
110100389,1,,,,
114803713,1,,,,
110100391,1,,,,
114806209,3,,,,
114806211,1,,,,
114806217,1,,,,
114806194,4,,,,
117403584,2,,,,
117403641,1,,,,
117403672,1,,,,
114804314,2,,,,
114806264,5,,,,
114806265,5,,,,
114806266,3,,,,
114806268,1,,,,
114806093,4,,,,
114806095,3,,,,
114806097,2,,,,
114806099,2,,,,
114806101,1,,,,
114806103,1,,,,
122825735,1,,,,
122825767,1,,,,
122825799,1,,,,
122825833,1,,,,
122875463,2,,,,
122875468,1,,,,
122875471,1,,,,
122875472,1,,,,
117251413,2,,,,
117251444,2,,,,
123026307,2,,,,
123026326,1,,,,
123026345,1,,,,
104425713,4,,,,
104425715,4,,,,
104425718,3,,,,
104425721,5,,,,
104425725,2,,,,
117150344,4,,,,
117150346,3,,,,
117150348,1,,,,
117150350,2,,,,
117150354,2,,,,
122200045,2,,,,
122200046,1,,,,
122200047,2,,,,
122200048,1,,,,
122826512,2,,,,
122826585,2,,,,
122826650,2,,,,
122826662,3,,,,
122826679,3,,,,
110450557,4,,,,
117400627,1,,,,
110450558,2,,,,
110450564,4,,,,
117400664,4,,,,
117400669,2,,,,
110450568,1,,,,
117400673,3,,,,
107402332,1,,,,
107402333,1,,,,
107402340,1,,,,
117150747,2,,,,
114750589,1,,,,
117150748,1,,,,
117150756,1,,,,
117150757,1,,,,
3825970,2,,,,
3825971,1,,,,
117150736,1,,,,
3825978,3,,,,
122826063,2,,,,
122826237,2,,,,
122826411,2,,,,
122826462,1,,,,
117150765,2,,,,
117150766,2,,,,
117150777,3,,,,
117150779,1,,,,
123125885,2,,,,
123125902,1,,,,
123125952,3,,,,
123126004,2,,,,
123126009,2,,,,
123176872,1,,,,
123176909,1,,,,
123176912,2,,,,
104400003,1,,,,
104400011,2,,,,
125050826,1,,,,
125050831,1,,,,
125050836,2,,,,
125050837,1,,,,
125050838,2,,,,
117150783,1,,,,
117150785,1,,,,
117150793,1,,,,
117150795,2,,,,
117150797,2,,,,
123126028,1,,,,
123126065,1,,,,
123126089,2,,,,
123126092,2,,,,
123126102,3,,,,
122825980,1,,,,
123125998,1,,,,
123126068,1,,,,
117400878,1,,,,
117375985,1,,,,
117376537,1,,,,
117376313,10,,,,
117376320,3,,,,
110350038,5,,,,
117376334,8,,,,
117376342,10,,,,
117376347,10,,,,
117376352,26,,,,
118975067,10,,,,
117376359,38,,,,
110350044,55,,,,
117376371,24,,,,
123027089,1,,,,
123027262,1,,,,
123025336,1,,,,
117376521,1,,,,
117376526,6,,,,
122825487,1,,,,
123027230,1,,,,
3827132,1,,,,
123000341,1,,,,
123000347,1,,,,
122751019,1,,,,
122751038,2,,,,
122751039,1,,,,
117404792,1,,,,
122750950,1,,,,
123025447,1,,,,
109901049,1,,,,
122751008,1,,,,
122751014,1,,,,
122751015,2,,,,
122751016,1,,,,
122750987,1,,,,
122750739,1,,,,
117377902,5,,,,
104456851,1,,,,
117377905,1,,,,
104456878,10,,,,
104456883,6,,,,
117377924,8,,,,
117377927,4,,,,
117377835,1,,,,
117377852,1,,,,
122826083,1,,,,
122826109,1,,,,
122826343,1,,,,
122826364,1,,,,
104453014,1,,,,
122750832,1,,,,
122750841,2,,,,
122750849,3,,,,
122750850,3,,,,
122750852,3,,,,
123025538,1,,,,
123025602,2,,,,
106025011,2,,,,
122827444,1,,,,
122827536,2,,,,
122750893,2,,,,
122750894,2,,,,
122750902,1,,,,
122750912,2,,,,
122750914,3,,,,
122750856,1,,,,
122750865,1,,,,
122750875,2,,,,
122750876,1,,,,
122750882,1,,,,
118150231,1,,,,
118150237,3,,,,
101775374,1,,,,
113126019,5,,,,
113126021,2,,,,
113126029,6,,,,
113126033,18,,,,
113126037,6,,,,
101775383,1,,,,
113126039,15,,,,
114751591,2,,,,
114751594,2,,,,
114751605,1,,,,
114751608,4,,,,
114751611,4,,,,
114751613,5,,,,
122976417,1,,,,
122976451,1,,,,
122976452,1,,,,
3835913,2,,,,
3835914,2,,,,
3835916,1,,,,
3835917,2,,,,
3835918,2,,,,
3835919,3,,,,
114828125,10,,,,
114828130,1,,,,
114828153,2,,,,
114828159,9,,,,
114828165,2,,,,
114828172,2,,,,
123000458,1,,,,
123000467,1,,,,
123000479,1,,,,
123000481,2,,,,
122976536,1,,,,
113126062,7,,,,
113126063,4,,,,
113126071,1,,,,
113126073,3,,,,
113126076,3,,,,
113126077,3,,,,
122825750,3,,,,
122825756,3,,,,
122825763,2,,,,
104456417,1,,,,
124976179,3,,,,
124976181,4,,,,
124976200,3,,,,
124976220,4,,,,
124976223,4,,,,
124976228,3,,,,
125625064,1,,,,
125975044,1,,,,
125975045,2,,,,
117376197,2,,,,
117376203,3,,,,
117376235,2,,,,
117376245,4,,,,
117376253,1,,,,
104456475,1,,,,
117376261,5,,,,
117401123,2,,,,
117401127,1,,,,
122976483,4,,,,
122976484,3,,,,
122976535,2,,,,
117401177,3,,,,
117401181,4,,,,
117401187,2,,,,
122976574,2,,,,
123175438,1,,,,
123175441,1,,,,
114900036,1,,,,
122800083,3,,,,
122800096,1,,,,
122800274,2,,,,
104451219,7,,,,
122800147,1,,,,
3767090,5,,,,
3767091,2,,,,
3767093,6,,,,
3767094,5,,,,
3767095,5,,,,
3767096,3,,,,
114808194,1,,,,
114808210,1,,,,
3789090,2,,,,
107384946,4,,,,
107384948,8,,,,
117252131,1,,,,
117377023,1,,,,
117377034,3,,,,
117377043,3,,,,
107384956,2,,,,
107384958,1,,,,
107384965,2,,,,
107384967,5,,,,
107384969,4,,,,
107384971,3,,,,
114825931,1,,,,
122976332,1,,,,
114825919,1,,,,
123176623,1,,,,
123176639,1,,,,
123176652,1,,,,
123175827,1,,,,
123175842,1,,,,
123175859,2,,,,
123175863,2,,,,
123175866,1,,,,
123126209,1,,,,
123126228,2,,,,
122050036,2,,,,
122050037,1,,,,
122050041,1,,,,
122050042,2,,,,
114050045,3,,,,
114050046,1,,,,
114050050,2,,,,
114050051,4,,,,
114050052,6,,,,
114050053,4,,,,
114050055,4,,,,
114050056,2,,,,
114050061,3,,,,
114050062,5,,,,
114050063,5,,,,
123125522,1,,,,
123125551,1,,,,
110051456,1,,,,
108550106,2,,,,
108550107,2,,,,
108550109,3,,,,
108550110,2,,,,
108550111,4,,,,
108550112,1,,,,
125002300,1,,,,
125002305,1,,,,
125002315,1,,,,
125002326,2,,,,
125002330,1,,,,
108550113,4,,,,
108550114,3,,,,
108550117,2,,,,
111500605,1,,,,
111500607,2,,,,
111500610,1,,,,
111500618,1,,,,
108125215,2,,,,
108125228,3,,,,
108125230,1,,,,
108125231,3,,,,
111875081,1,,,,
111875093,1,,,,
111875096,1,,,,
114803666,4,,,,
124775105,4,,,,
123027433,4,,,,
123027441,3,,,,
123027444,1,,,,
123027453,1,,,,
123027457,1,,,,
123027461,1,,,,
123027352,4,,,,
123027359,1,,,,
123027366,1,,,,
123027375,1,,,,
123027391,1,,,,
125026179,2,,,,
125026188,2,,,,
125026197,1,,,,
125026204,1,,,,
125026220,1,,,,
111175037,3,,,,
111175040,2,,,,
104458813,6,,,,
104458814,5,,,,
104458815,2,,,,
104458816,3,,,,
104458818,1,,,,
104458819,2,,,,
125026018,2,,,,
125026028,2,,,,
125026041,1,,,,
110900072,1,,,,
110900080,2,,,,
104458506,1,,,,
104458507,1,,,,
117402605,1,,,,
113275399,3,,,,
113275400,2,,,,
113275403,1,,,,
113275404,1,,,,
113275407,1,,,,
114802539,3,,,,
114802542,2,,,,
114802550,1,,,,
109900505,1,,,,
109900507,4,,,,
109900509,3,,,,
109900515,1,,,,
114775063,2,,,,
114775069,2,,,,
123176651,1,,,,
123176656,2,,,,
123176663,2,,,,
110475658,2,,,,
110475659,5,,,,
110475661,5,,,,
110475664,1,,,,
120300043,1,,,,
120300044,2,,,,
120300046,2,,,,
120300050,1,,,,
120300070,2,,,,
120300071,2,,,,
123175621,1,,,,
123175634,2,,,,
123175648,2,,,,
120300059,1,,,,
120300060,2,,,,
120300061,2,,,,
107400781,1,,,,
107400782,2,,,,
107400788,5,,,,
124875707,1,,,,
107400791,3,,,,
124875724,2,,,,
107400792,4,,,,
124875725,2,,,,
107400793,3,,,,
124875728,1,,,,
124900807,1,,,,
124900809,1,,,,
124900813,1,,,,
124900818,1,,,,
124900819,3,,,,
124900820,2,,,,
107400797,2,,,,
107400798,2,,,,
107400805,2,,,,
107400807,3,,,,
107400810,8,,,,
109900291,2,,,,
109900294,2,,,,
109900306,3,,,,
109900309,3,,,,
109900310,1,,,,
124900836,1,,,,
124900837,1,,,,
124900846,2,,,,
124900847,2,,,,
124900848,2,,,,
123175454,2,,,,
123175600,1,,,,
110051429,1,,,,
113775038,6,,,,
123052766,2,,,,
117750037,2,,,,
123052742,2,,,,
114875057,3,,,,
114750508,3,,,,
123027354,2,,,,
123027396,4,,,,
114750521,4,,,,
117226809,2,,,,
121175037,1,,,,
121600037,1,,,,
121175042,1,,,,
121175047,2,,,,
121600047,2,,,,
121175048,2,,,,
121600048,2,,,,
121175049,2,,,,
121600049,2,,,,
122827577,1,,,,
122827634,2,,,,
122827640,2,,,,
122827646,2,,,,
123027389,1,,,,
118725044,1,,,,
118725046,2,,,,
123027636,2,,,,
123029613,2,,,,
123029614,3,,,,
123029617,1,,,,
123029620,1,,,,
123029583,1,,,,
123029585,2,,,,
123029587,1,,,,
123029590,1,,,,
123029594,1,,,,
123029598,1,,,,
117403006,2,,,,
117403012,1,,,,
118925390,2,,,,
118925451,1,,,,
118925460,2,,,,
118925471,1,,,,
118925599,1,,,,
118925656,1,,,,
113800310,1,,,,
3790128,1,,,,
3790129,3,,,,
104426847,1,,,,
104426850,1,,,,
104426859,1,,,,
104426862,1,,,,
104426865,3,,,,
104426870,4,,,,
104426873,1,,,,
3803414,1,,,,
3790156,1,,,,
3790160,1,,,,
3790162,1,,,,
107384572,5,,,,
107384574,1,,,,
107384581,1,,,,
107384582,3,,,,
107384584,4,,,,
107384585,3,,,,
107384750,3,,,,
107384751,1,,,,
107384759,2,,,,
107384760,5,,,,
107384762,4,,,,
117225557,4,,,,
117225496,2,,,,
104458013,2,,,,
3778640,1,,,,
104457999,1,,,,
122850577,1,,,,
124926385,4,,,,
114826806,1,,,,
117225517,1,,,,
110075682,1,,,,
114826792,1,,,,
113001775,4,,,,
124900822,1,,,,
124900823,1,,,,
124900827,2,,,,
124900832,2,,,,
124900833,3,,,,
124900834,2,,,,
104775199,1,,,,
104775200,2,,,,
104775203,2,,,,
104775204,3,,,,
104775206,4,,,,
104775208,3,,,,
114809096,2,,,,
114809097,2,,,,
114809102,2,,,,
114809103,2,,,,
114809105,1,,,,
114809106,2,,,,
124900684,1,,,,
124900694,1,,,,
124900698,1,,,,
124900699,2,,,,
124900701,1,,,,
124900711,1,,,,
124900720,1,,,,
124900721,1,,,,
124900722,2,,,,
124876611,1,,,,
124876638,2,,,,
124876644,1,,,,
124901235,1,,,,
124901252,1,,,,
124901270,2,,,,
124901273,2,,,,
124901276,2,,,,
123350043,2,,,,
123350051,2,,,,
122750632,2,,,,
122750470,3,,,,
114825714,6,,,,
114825701,1,,,,
122800113,1,,,,
122875583,1,,,,
122875607,1,,,,
120825037,2,,,,
120825038,1,,,,
120825042,2,,,,
120825047,1,,,,
120825048,3,,,,
120825049,2,,,,
125026587,1,,,,
125026597,2,,,,
125026598,2,,,,
125026599,1,,,,
122850666,2,,,,
122850677,2,,,,
122850688,2,,,,
114828831,3,,,,
114828832,2,,,,
114828833,1,,,,
114828834,1,,,,
114828839,4,,,,
114828841,1,,,,
114828843,1,,,,
114828855,2,,,,
114828856,1,,,,
114828857,1,,,,
114828865,1,,,,
124950433,4,,,,
124950437,4,,,,
124950442,2,,,,
124950447,2,,,,
124950453,1,,,,
124950458,1,,,,
3784373,1,,,,
3784374,3,,,,
3784375,1,,,,
3784376,2,,,,
3784377,1,,,,
3784257,1,,,,
3784258,1,,,,
3784259,2,,,,
3784260,1,,,,
107377771,3,,,,
107377784,1,,,,
107377792,1,,,,
107377799,2,,,,
107377805,1,,,,
107377815,1,,,,
124950373,2,,,,
124950377,2,,,,
124950382,1,,,,
124950386,1,,,,
124950389,1,,,,
124950394,1,,,,
3783740,4,,,,
3783741,3,,,,
3783742,1,,,,
3783743,1,,,,
3783744,1,,,,
122975639,1,,,,
122975661,1,,,,
110050068,5,,,,
110050084,3,,,,
110050094,2,,,,
110050104,2,,,,
110050113,1,,,,
110050123,1,,,,
3823879,1,,,,
3823880,1,,,,
3784645,2,,,,
3784647,1,,,,
3784648,2,,,,
113125308,1,,,,
113125326,1,,,,
3783958,4,,,,
3783959,1,,,,
3783960,1,,,,
3783962,1,,,,
110050158,3,,,,
110050168,3,,,,
110050177,3,,,,
110050183,1,,,,
123775037,1,,,,
123775042,1,,,,
123775047,2,,,,
123775048,3,,,,
123775049,2,,,,
123175834,1,,,,
123175838,1,,,,
123175851,1,,,,
123175868,2,,,,
123175873,3,,,,
123175875,2,,,,
123176479,1,,,,
123176486,2,,,,
122975151,1,,,,
122750074,2,,,,
122750462,2,,,,
118825037,4,,,,
118925105,2,,,,
118925111,2,,,,
3820448,1,,,,
3834368,2,,,,
115650053,4,,,,
113125070,2,,,,
113125073,1,,,,
113125075,1,,,,
115650383,1,,,,
115650400,1,,,,
114750440,1,,,,
114800457,5,,,,
114800459,5,,,,
114800462,1,,,,
114800464,2,,,,
114800468,1,,,,
114800470,1,,,,
123027553,3,,,,
123027560,2,,,,
123027569,2,,,,
109901812,2,,,,
109901814,2,,,,
109901816,2,,,,
109901820,2,,,,
123051059,1,,,,
123051440,1,,,,
123051441,1,,,,
123051442,2,,,,
123051445,1,,,,
123051447,1,,,,
109901887,3,,,,
109901889,2,,,,
109901891,2,,,,
109901898,3,,,,
109901836,4,,,,
109901839,1,,,,
124877542,1,,,,
109901841,3,,,,
109901845,8,,,,
124877552,1,,,,
109901862,3,,,,
109901864,3,,,,
109901867,1,,,,
123051200,1,,,,
109901871,3,,,,
123051206,1,,,,
114826043,1,,,,
114826050,5,,,,
114826060,6,,,,
114827477,1,,,,
109901933,2,,,,
109901935,1,,,,
109901938,4,,,,
109901941,3,,,,
109901943,2,,,,
123052027,2,,,,
123052029,2,,,,
123052031,2,,,,
123052035,2,,,,
123052039,1,,,,
109902004,2,,,,
109902006,2,,,,
109902009,2,,,,
109902012,3,,,,
109902015,2,,,,
110575653,2,,,,
110575654,3,,,,
110575655,3,,,,
110575656,3,,,,
110575657,2,,,,
109901965,4,,,,
109901968,2,,,,
109901972,2,,,,
109901976,2,,,,
109901978,2,,,,
114826161,2,,,,
114826165,1,,,,
114826169,1,,,,
114826173,1,,,,
3764013,1,,,,
3806275,2,,,,
3806277,3,,,,
3806278,2,,,,
3806279,4,,,,
3806281,10,,,,
123030049,1,,,,
123030054,1,,,,
123030058,2,,,,
123030062,2,,,,
123030067,2,,,,
123030117,1,,,,
123030124,1,,,,
123030128,1,,,,
123030132,2,,,,
123030139,2,,,,
3806353,3,,,,
3806355,2,,,,
3806356,1,,,,
3806357,10,,,,
3806358,1,,,,
3806359,7,,,,
3806340,2,,,,
3806342,1,,,,
121700284,1,,,,
3806343,3,,,,
3806344,5,,,,
3806346,5,,,,
115175038,3,,,,
115175040,2,,,,
115175041,1,,,,
115175042,4,,,,
115175043,2,,,,
115175044,2,,,,
115175045,2,,,,
115175046,1,,,,
114802119,1,,,,
114802125,8,,,,
114802127,1,,,,
114802131,1,,,,
114802140,1,,,,
121725087,1,,,,
3752409,3,,,,
3752410,2,,,,
3752411,1,,,,
121725090,2,,,,
3752412,11,,,,
123030204,2,,,,
123030206,2,,,,
123030210,1,,,,
123030216,1,,,,
123030261,1,,,,
123030263,2,,,,
123030268,2,,,,
123030270,2,,,,
3784058,2,,,,
3784059,2,,,,
121725133,1,,,,
3784060,2,,,,
3784061,2,,,,
121725109,1,,,,
3784045,4,,,,
3784046,2,,,,
3784047,3,,,,
3784048,2,,,,
107382501,1,,,,
107382503,1,,,,
117226728,1,,,,
3784717,1,,,,
3784719,2,,,,
3784720,1,,,,
3784721,1,,,,
3784722,1,,,,
3784756,1,,,,
3784758,1,,,,
3784760,2,,,,
3784771,1,,,,
114800039,1,,,,
114803100,2,,,,
114803106,6,,,,
114803108,5,,,,
114803109,1,,,,
114803110,3,,,,
117252016,5,,,,
117252024,4,,,,
117252047,3,,,,
117252054,8,,,,
117252059,10,,,,
3829744,7,,,,
117252066,7,,,,
123175336,2,,,,
123175342,2,,,,
123175376,3,,,,
123175380,3,,,,
123175385,3,,,,
117125374,3,,,,
117125378,1,,,,
117125392,2,,,,
117125395,2,,,,
117125397,6,,,,
117125399,4,,,,
3829994,1,,,,
117251846,2,,,,
117251913,5,,,,
117251921,6,,,,
117251932,1,,,,
104451653,1,,,,
106050002,2,,,,
3658764,4,,,,
117251436,4,,,,
122800089,3,,,,
122800093,5,,,,
122800099,3,,,,
122750668,3,,,,
122750669,2,,,,
122750674,2,,,,
122800168,1,,,,
122800170,3,,,,
122800176,2,,,,
122750643,3,,,,
122750645,2,,,,
122750650,2,,,,
122750613,3,,,,
122800129,3,,,,
122750616,2,,,,
122800133,4,,,,
122800135,2,,,,
122750624,2,,,,
122750691,3,,,,
122800234,3,,,,
122750695,2,,,,
122800237,5,,,,
122800239,3,,,,
122750701,2,,,,
122800066,3,,,,
122800069,5,,,,
122800072,3,,,,
122800144,2,,,,
122800149,4,,,,
122800153,2,,,,
122800107,3,,,,
122800112,5,,,,
122800116,3,,,,
104455597,2,,,,
104455620,2,,,,
104455624,4,,,,
104455630,7,,,,
104455633,4,,,,
104455644,1,,,,
104455673,1,,,,
104455678,1,,,,
104455682,1,,,,
117226679,1,,,,
117226693,2,,,,
117226695,1,,,,
117226697,2,,,,
114802660,1,,,,
114802689,1,,,,
104455693,1,,,,
104455697,2,,,,
104455716,2,,,,
104455720,2,,,,
104455724,3,,,,
104455725,2,,,,
111250055,1,,,,
111250056,1,,,,
125001384,1,,,,
125001449,1,,,,
125001511,2,,,,
125001525,2,,,,
125001537,2,,,,
104455942,2,,,,
104455947,3,,,,
104455963,4,,,,
104455968,12,,,,
104455973,3,,,,
104455979,4,,,,
105225025,1,,,,
105225027,1,,,,
105225028,1,,,,
104456037,1,,,,
114750373,2,,,,
122750574,1,,,,
123000057,1,,,,
122976454,2,,,,
3818299,3,,,,
3818300,1,,,,
3818301,4,,,,
3818303,3,,,,
3818304,3,,,,
3818305,4,,,,
117550110,4,,,,
3818306,5,,,,
3818307,3,,,,
3818308,5,,,,
3821485,8,,,,
3821486,6,,,,
3821490,4,,,,
3821491,6,,,,
3821492,8,,,,
3821493,8,,,,
124877583,1,,,,
124877587,1,,,,
124877606,2,,,,
124877607,2,,,,
124877608,2,,,,
3821551,1,,,,
3821552,2,,,,
3821557,1,,,,
3821558,2,,,,
3821559,4,,,,
3821496,2,,,,
3821501,1,,,,
3821502,2,,,,
3821503,3,,,,
3784223,1,,,,
114803664,5,,,,
118926214,3,,,,
118926219,2,,,,
118926227,1,,,,
118926231,1,,,,
118926240,1,,,,
118926244,1,,,,
116050040,2,,,,
116050043,1,,,,
116050055,1,,,,
116050057,3,,,,
116050058,4,,,,
116050059,3,,,,
123350706,1,,,,
123350742,1,,,,
123350795,2,,,,
123350803,2,,,,
123350808,1,,,,
123350954,1,,,,
123350962,1,,,,
123350998,1,,,,
123351018,2,,,,
123351020,3,,,,
123351024,2,,,,
3834040,2,,,,
3834041,2,,,,
3834046,4,,,,
3834047,2,,,,
3834048,3,,,,
118925447,1,,,,
118800074,3,,,,
118800081,1,,,,
118800088,1,,,,
118800091,3,,,,
118800093,2,,,,
118800107,2,,,,
118800109,1,,,,
118800112,1,,,,
118800113,2,,,,
118800115,2,,,,
111825039,1,,,,
111825040,1,,,,
111825048,1,,,,
111825049,2,,,,
111825051,2,,,,
111825053,2,,,,
108100514,1,,,,
108100515,2,,,,
123025341,5,,,,
123025349,2,,,,
123025358,1,,,,
123025362,3,,,,
123025367,1,,,,
123025213,3,,,,
123025221,1,,,,
123025226,1,,,,
123025233,4,,,,
123029030,4,,,,
123029036,4,,,,
123029041,1,,,,
123029046,2,,,,
123029052,1,,,,
123029056,1,,,,
123029815,2,,,,
123029824,1,,,,
123029838,1,,,,
123028996,3,,,,
123028999,2,,,,
123029004,1,,,,
123029006,2,,,,
123029009,1,,,,
122976244,1,,,,
114750448,1,,,,
106700061,1,,,,
117226036,1,,,,
107382084,1,,,,
114807262,1,,,,
114807263,2,,,,
114807269,1,,,,
114807270,3,,,,
114807272,4,,,,
114807274,3,,,,
123176569,1,,,,
123176573,1,,,,
117226169,1,,,,
117226174,1,,,,
117226175,3,,,,
117226176,3,,,,
117226177,2,,,,
114807276,1,,,,
114807277,2,,,,
114807283,2,,,,
114807284,2,,,,
114807286,4,,,,
114807287,2,,,,
3803600,1,,,,
122851132,1,,,,
122851149,1,,,,
122851200,2,,,,
122851218,2,,,,
122851241,1,,,,
3803603,1,,,,
3803607,3,,,,
113003118,3,,,,
113003120,1,,,,
113003128,1,,,,
113003131,3,,,,
113003133,5,,,,
113003134,2,,,,
123176428,1,,,,
123176431,1,,,,
123176449,1,,,,
123176468,2,,,,
123176473,3,,,,
123176478,1,,,,
117226132,1,,,,
117226133,1,,,,
117226138,1,,,,
117226139,1,,,,
3407894,7,,,,
3407895,7,,,,
3407897,3,,,,
3407898,7,,,,
3407899,10,,,,
3407900,3,,,,
123052911,1,,,,
123052920,1,,,,
123052922,1,,,,
117151228,1,,,,
117151238,1,,,,
123176229,1,,,,
123176243,2,,,,
123176254,4,,,,
123176264,4,,,,
123176276,4,,,,
122825601,2,,,,
123176288,1,,,,
123176299,1,,,,
123176335,2,,,,
123176347,2,,,,
123176355,2,,,,
106000031,1,,,,
107384485,1,,,,
117402594,1,,,,
106325003,2,,,,
106325005,3,,,,
106325009,2,,,,
106325011,3,,,,
106325013,2,,,,
125075140,1,,,,
125075141,1,,,,
125075143,1,,,,
125075144,1,,,,
125075145,3,,,,
125075146,2,,,,
114804642,1,,,,
106325031,2,,,,
106325033,2,,,,
106325037,1,,,,
106325039,3,,,,
106325040,4,,,,
106325042,2,,,,
3802271,1,,,,
3802272,1,,,,
3802274,2,,,,
3802275,3,,,,
3802276,4,,,,
3802277,4,,,,
123025954,2,,,,
123025976,1,,,,
123026019,1,,,,
123026040,3,,,,
123026061,4,,,,
125027052,1,,,,
125027064,1,,,,
125027067,2,,,,
125027070,1,,,,
3802343,1,,,,
3802344,1,,,,
3802346,3,,,,
3802347,2,,,,
3802348,2,,,,
3802349,2,,,,
123176679,1,,,,
123176694,1,,,,
123176700,2,,,,
123176708,3,,,,
123176715,1,,,,
123126097,1,,,,
123126100,1,,,,
123126104,1,,,,
117403145,1,,,,
3496167,3,,,,
3496168,1,,,,
3496170,3,,,,
3496171,2,,,,
3496172,3,,,,
3496173,2,,,,
123176609,1,,,,
123176617,1,,,,
123176630,1,,,,
123176633,1,,,,
123176634,3,,,,
123176637,3,,,,
123177042,1,,,,
123177073,1,,,,
123177088,2,,,,
112800054,1,,,,
109875098,4,,,,
109875102,4,,,,
109875106,1,,,,
109875110,2,,,,
109875114,1,,,,
109875118,1,,,,
3814137,1,,,,
3814142,1,,,,
3814152,2,,,,
3814148,2,,,,
3814157,1,,,,
3814143,1,,,,
3814153,2,,,,
3814149,4,,,,
3814158,5,,,,
3814144,6,,,,
3814154,4,,,,
3814150,2,,,,
3814159,1,,,,
3814145,2,,,,
3814155,2,,,,
3814151,3,,,,
111575171,2,,,,
111575176,2,,,,
111575181,2,,,,
111575186,1,,,,
111575172,2,,,,
111575177,2,,,,
111575182,2,,,,
111575187,1,,,,
111575173,2,,,,
111575178,1,,,,
111575183,2,,,,
3814490,1,,,,
3814499,1,,,,
3814485,2,,,,
3814495,5,,,,
3814491,6,,,,
3814496,4,,,,
3814492,2,,,,
3834559,1,,,,
3814188,1,,,,
3814178,1,,,,
109900904,4,,,,
109900917,2,,,,
109900918,9,,,,
109900921,10,,,,
109900923,7,,,,
122800615,1,,,,
109900946,2,,,,
109900948,4,,,,
109900949,3,,,,
115625081,1,,,,
122825444,3,,,,
118925171,3,,,,
118925174,3,,,,
118925180,1,,,,
118925183,3,,,,
118925190,1,,,,
102000006,1,,,,
102000009,3,,,,
120550050,1,,,,
120550052,1,,,,
120550053,1,,,,
120550055,2,,,,
101325019,3,,,,
101325020,1,,,,
101325021,1,,,,
101325022,3,,,,
101325023,1,,,,
101325024,1,,,,
114801453,4,,,,
114801459,3,,,,
114801465,2,,,,
114801471,4,,,,
114801478,1,,,,
114801486,2,,,,
114800421,6,,,,
114800422,2,,,,
114800425,1,,,,
114800426,2,,,,
114800427,1,,,,
114800430,2,,,,
118675039,4,,,,
118675040,2,,,,
118675041,1,,,,
118675042,2,,,,
118675044,1,,,,
117825043,1,,,,
117825044,1,,,,
117825045,1,,,,
117825047,1,,,,
117825048,1,,,,
101325025,4,,,,
101325026,1,,,,
101325027,3,,,,
101325028,3,,,,
101325029,2,,,,
101325030,1,,,,
124025095,2,,,,
124025096,1,,,,
124025097,1,,,,
124025098,1,,,,
124025100,1,,,,
117251215,1,,,,
117251220,5,,,,
117251224,3,,,,
117251268,2,,,,
117226441,1,,,,
117226450,1,,,,
117226453,2,,,,
117226454,2,,,,
3825904,1,,,,
3825910,2,,,,
3825911,1,,,,
3825912,3,,,,
3825915,2,,,,
114808707,2,,,,
114808711,3,,,,
114808719,1,,,,
123125103,1,,,,
114808971,1,,,,
114808976,1,,,,
113050383,1,,,,
113050062,1,,,,
113050064,1,,,,
113050071,1,,,,
113050073,1,,,,
113050075,1,,,,
113050078,1,,,,
113050425,1,,,,
113050431,1,,,,
113050432,1,,,,
113050433,2,,,,
113050405,1,,,,
113050406,1,,,,
113050412,1,,,,
113050413,2,,,,
117377190,1,,,,
117377191,1,,,,
117377230,1,,,,
114809246,1,,,,
117150462,1,,,,
117150473,2,,,,
117150474,2,,,,
117150475,2,,,,
117500059,1,,,,
117401273,1,,,,
117401299,2,,,,
117401388,1,,,,
117401410,3,,,,
117401430,3,,,,
117401454,2,,,,
117402415,1,,,,
104700069,4,,,,
104700070,5,,,,
104700071,3,,,,
104700072,2,,,,
104700073,3,,,,
104700074,3,,,,
104700075,5,,,,
118975105,3,,,,
104700076,7,,,,
104700077,3,,,,
104700078,6,,,,
114829502,1,,,,
107575037,3,,,,
104427072,1,,,,
104427086,2,,,,
104427088,1,,,,
114829516,1,,,,
114829519,12,,,,
110076433,3,,,,
110076440,3,,,,
110076442,1,,,,
118975091,2,,,,
118975110,3,,,,
118975114,1,,,,
118975120,2,,,,
119000103,1,,,,
123125768,1,,,,
123125771,2,,,,
122851046,1,,,,
122875248,2,,,,
113125101,2,,,,
113125104,1,,,,
114804453,1,,,,
114804454,2,,,,
114750359,4,,,,
114750364,1,,,,
117226263,4,,,,
123027471,2,,,,
117226209,4,,,,
123027371,5,,,,
114750420,3,,,,
117251795,2,,,,
115475036,2,,,,
117251789,4,,,,
114750467,3,,,,
118150115,1,,,,
118150142,1,,,,
118150147,1,,,,
118150153,2,,,,
125027061,2,,,,
125027062,1,,,,
125027063,1,,,,
125027065,1,,,,
125027068,1,,,,
114750545,5,,,,
114750461,2,,,,
119500067,1,,,,
119500073,2,,,,
119500074,4,,,,
119500075,2,,,,
117377164,1,,,,
117377181,3,,,,
117377183,3,,,,
115975042,1,,,,
103925019,2,,,,
103925028,1,,,,
103925049,2,,,,
103925004,1,,,,
103925041,1,,,,
103925023,4,,,,
103925033,1,,,,
103925043,2,,,,
103925053,1,,,,
103925045,1,,,,
122275096,1,,,,
122325038,3,,,,
122325042,2,,,,
122325036,2,,,,
122325043,2,,,,
3781287,2,,,,
3781288,2,,,,
3781290,3,,,,
3781291,3,,,,
3781292,4,,,,
3781293,3,,,,
123126834,2,,,,
123126841,1,,,,
123126863,2,,,,
123126870,3,,,,
123126875,3,,,,
122125041,1,,,,
122125043,1,,,,
122125044,3,,,,
122125045,1,,,,
123052929,2,,,,
123052935,2,,,,
123052944,3,,,,
123052949,3,,,,
123052954,4,,,,
123052959,2,,,,
3781575,2,,,,
3781576,2,,,,
3781578,2,,,,
3781579,3,,,,
3781580,4,,,,
122825518,1,,,,
122825542,3,,,,
122825567,2,,,,
123052964,1,,,,
123052970,2,,,,
123052981,1,,,,
123052985,2,,,,
123052990,2,,,,
117151296,1,,,,
106025004,1,,,,
106025010,1,,,,
122825634,1,,,,
122825642,1,,,,
122825653,1,,,,
122825659,1,,,,
122825666,3,,,,
122825672,2,,,,
104457214,5,,,,
117250102,1,,,,
117250093,1,,,,
117250101,1,,,,
117250086,2,,,,
3763546,3,,,,
3530494,2,,,,
3530495,1,,,,
3530497,3,,,,
3530498,3,,,,
3530499,4,,,,
3530500,3,,,,
114803441,2,,,,
114803444,2,,,,
114803453,1,,,,
114803456,5,,,,
114803461,3,,,,
123176723,1,,,,
123176724,1,,,,
123176728,1,,,,
123176732,2,,,,
123176733,4,,,,
123176734,2,,,,
123126696,1,,,,
123126706,3,,,,
123126722,1,,,,
123126730,1,,,,
123126743,2,,,,
123126755,1,,,,
114805880,1,,,,
114805888,2,,,,
114805890,1,,,,
123126580,1,,,,
123126614,1,,,,
3598585,2,,,,
3598586,2,,,,
3598588,1,,,,
3598589,2,,,,
3598590,4,,,,
3598591,3,,,,
123126889,1,,,,
117378023,1,,,,
117378028,3,,,,
117378270,4,,,,
117378272,1,,,,
3722772,2,,,,
3722773,1,,,,
3722775,1,,,,
3722776,4,,,,
3722777,8,,,,
3722778,3,,,,
123175869,1,,,,
123175893,1,,,,
123175917,1,,,,
123175927,2,,,,
123175937,3,,,,
123175946,1,,,,
117125481,1,,,,
125027120,1,,,,
125027121,1,,,,
125027123,1,,,,
125027124,2,,,,
125027125,3,,,,
125027126,2,,,,
123176130,1,,,,
123176134,1,,,,
123176136,1,,,,
123176138,3,,,,
123176143,2,,,,
114750525,1,,,,
114751289,2,,,,
114751305,2,,,,
114751309,1,,,,
114751313,1,,,,
3722836,2,,,,
3722837,1,,,,
3722839,2,,,,
3722840,3,,,,
3722841,5,,,,
3722842,4,,,,
117400179,2,,,,
117400317,2,,,,
104458042,5,,,,
114826708,3,,,,
122975350,3,,,,
122975290,4,,,,
117250090,4,,,,
122975379,4,,,,
117250084,4,,,,
117250077,5,,,,
117250087,1,,,,
3721289,3,,,,
117250091,6,,,,
117250074,5,,,,
122975476,3,,,,
114826584,1,,,,
3834238,2,,,,
3834239,1,,,,
3834243,1,,,,
3834244,3,,,,
3834245,3,,,,
3834246,3,,,,
106075230,2,,,,
106075249,1,,,,
106075253,3,,,,
106075255,3,,,,
101775771,1,,,,
122876438,2,,,,
122876442,2,,,,
122876447,2,,,,
122876527,1,,,,
122876566,3,,,,
122876572,1,,,,
122876577,1,,,,
122876612,2,,,,
122876618,2,,,,
122876621,2,,,,
104425701,2,,,,
104425706,2,,,,
123030577,1,,,,
104425724,3,,,,
104425728,2,,,,
123030585,2,,,,
104425732,1,,,,
123030586,2,,,,
107381271,1,,,,
107381323,1,,,,
107381329,1,,,,
107381335,1,,,,
123029989,1,,,,
123030060,1,,,,
123030138,2,,,,
123030157,3,,,,
123030174,1,,,,
110850191,1,,,,
110850196,1,,,,
110850198,2,,,,
110850200,4,,,,
117250350,1,,,,
114828726,1,,,,
114828728,1,,,,
123126592,2,,,,
123126597,3,,,,
123126601,2,,,,
123126716,1,,,,
123126752,1,,,,
123126805,2,,,,
123126813,2,,,,
123126821,1,,,,
106850043,1,,,,
114804518,1,,,,
115625441,1,,,,
115625463,1,,,,
113000301,1,,,,
114809294,1,,,,
114809311,2,,,,
114809315,2,,,,
117402583,2,,,,
117402593,2,,,,
118925636,3,,,,
118925648,2,,,,
118925657,1,,,,
118925668,1,,,,
118925678,1,,,,
118925688,1,,,,
114800884,2,,,,
114800892,1,,,,
114800893,1,,,,
114800926,2,,,,
114800934,2,,,,
114800937,1,,,,
114800939,1,,,,
123050068,1,,,,
123050081,1,,,,
123050083,2,,,,
123050086,1,,,,
123028558,1,,,,
114802147,6,,,,
114802151,4,,,,
114802160,3,,,,
114802163,5,,,,
114802167,7,,,,
114802171,4,,,,
123028699,1,,,,
123028730,1,,,,
123028733,1,,,,
123028736,1,,,,
123028649,1,,,,
114802177,1,,,,
123028084,1,,,,
123028118,1,,,,
123028120,1,,,,
125025940,1,,,,
125025952,1,,,,
125025997,2,,,,
123027473,1,,,,
123027498,1,,,,
123027694,2,,,,
114802345,2,,,,
114802360,2,,,,
114802366,1,,,,
114802369,2,,,,
119975079,2,,,,
119975081,2,,,,
121800041,1,,,,
121800049,3,,,,
121800059,2,,,,
119975092,1,,,,
121800061,3,,,,
121800063,5,,,,
119975097,2,,,,
121800089,1,,,,
119975104,2,,,,
119975105,4,,,,
125026657,1,,,,
125026667,2,,,,
125026668,1,,,,
125026669,2,,,,
121775038,1,,,,
121775059,2,,,,
121775063,2,,,,
115000153,2,,,,
115000194,1,,,,
121550046,1,,,,
123126528,2,,,,
123126530,3,,,,
123126531,2,,,,
115650042,1,,,,
115650043,2,,,,
123028068,1,,,,
117251440,1,,,,
123027508,1,,,,
117251442,2,,,,
123027514,1,,,,
117226782,2,,,,
117226786,2,,,,
123027604,1,,,,
117251758,2,,,,
122850378,3,,,,
122850379,1,,,,
122850380,2,,,,
122850367,3,,,,
122850368,2,,,,
122850369,1,,,,
122850370,2,,,,
122850387,3,,,,
122850388,3,,,,
122850389,2,,,,
122850390,2,,,,
122850391,1,,,,
122750667,1,,,,
104457269,4,,,,
117250095,4,,,,
117250080,1,,,,
114826640,3,,,,
122975241,4,,,,
117250088,5,,,,
113150104,4,,,,
113003652,2,,,,
117250089,8,,,,
104457290,2,,,,
122975106,3,,,,
114826704,1,,,,
117250083,5,,,,
109926592,2,,,,
122450040,1,,,,
122500037,1,,,,
122500039,1,,,,
122500040,2,,,,
122500041,1,,,,
122500042,3,,,,
122500043,2,,,,
122500044,1,,,,
122500046,1,,,,
122500047,4,,,,
122500048,3,,,,
122500049,1,,,,
122500051,2,,,,
122500053,2,,,,
122500054,2,,,,
122500055,2,,,,
120075056,1,,,,
120075057,1,,,,
120075058,1,,,,
120075059,2,,,,
120075060,2,,,,
120075061,3,,,,
123950060,2,,,,
120075063,1,,,,
120075064,2,,,,
120075065,3,,,,
107376930,4,,,,
109925210,6,,,,
113001769,4,,,,
101752065,1,,,,
123000118,4,,,,
123000139,3,,,,
124900301,1,,,,
124900364,1,,,,
124900419,2,,,,
124900436,3,,,,
124900451,2,,,,
107350038,5,,,,
107350041,6,,,,
3732263,1,,,,
107350048,7,,,,
107350051,6,,,,
107350054,5,,,,
107350056,4,,,,
125002384,2,,,,
125002385,2,,,,
125002389,2,,,,
125002394,1,,,,
125002395,4,,,,
119725191,1,,,,
119725208,4,,,,
125002115,1,,,,
125002120,1,,,,
125002143,1,,,,
125002172,2,,,,
125002177,3,,,,
125002183,2,,,,
114809141,2,,,,
114809145,1,,,,
114809146,2,,,,
114809147,3,,,,
114809148,2,,,,
125002288,1,,,,
125002295,1,,,,
125002329,1,,,,
125002346,2,,,,
125002349,3,,,,
125002351,2,,,,
107350060,3,,,,
107350066,6,,,,
107350068,8,,,,
107350070,5,,,,
117252158,4,,,,
117252171,7,,,,
113001170,1,,,,
117252174,9,,,,
117252175,7,,,,
123127103,2,,,,
123127150,2,,,,
123127155,3,,,,
123127159,1,,,,
117252199,1,,,,
117252216,5,,,,
117252218,3,,,,
117252178,2,,,,
113001206,1,,,,
117252181,1,,,,
117252190,2,,,,
113001242,2,,,,
117252191,3,,,,
113001247,3,,,,
117252194,2,,,,
110051870,1,,,,
110600483,1,,,,
104426028,7,,,,
104426030,6,,,,
104426033,4,,,,
104426036,4,,,,
104426040,2,,,,
113050093,1,,,,
114806276,2,,,,
114806278,1,,,,
114806280,1,,,,
114806283,1,,,,
117251305,2,,,,
117251307,1,,,,
117251311,1,,,,
117251315,1,,,,
104426043,3,,,,
104426048,1,,,,
104426053,1,,,,
122976341,3,,,,
122976347,2,,,,
122976351,1,,,,
122976356,1,,,,
122976360,1,,,,
114827237,4,,,,
114827239,3,,,,
114827241,1,,,,
114827242,2,,,,
114827244,2,,,,
114827219,3,,,,
114827220,2,,,,
114827221,1,,,,
114827223,2,,,,
114827225,1,,,,
114827259,3,,,,
114827262,1,,,,
114827263,1,,,,
114827267,1,,,,
110075631,5,,,,
110075633,4,,,,
110075634,1,,,,
110075636,2,,,,
110075637,1,,,,
110075638,1,,,,
123675085,1,,,,
110075604,4,,,,
110075606,3,,,,
110075607,2,,,,
110075610,3,,,,
110075612,2,,,,
110075614,1,,,,
117226119,5,,,,
117226121,2,,,,
117226125,3,,,,
117226129,2,,,,
114804670,1,,,,
110075665,1,,,,
110075667,2,,,,
110075669,2,,,,
110075670,1,,,,
110075674,1,,,,
123675086,1,,,,
123675088,1,,,,
123675090,1,,,,
110075410,4,,,,
110075414,3,,,,
110075418,1,,,,
110075422,2,,,,
110075426,1,,,,
110075430,2,,,,
110075345,3,,,,
110075350,4,,,,
110075355,1,,,,
110075359,3,,,,
110075368,1,,,,
110075224,2,,,,
110075235,3,,,,
110075246,1,,,,
110075253,2,,,,
110075260,1,,,,
110075266,1,,,,
117150327,1,,,,
109875047,2,,,,
109875050,4,,,,
109875054,1,,,,
109875058,2,,,,
109875061,1,,,,
109875065,2,,,,
110076298,6,,,,
110076303,3,,,,
110076310,3,,,,
110076317,1,,,,
110600574,1,,,,
109875137,3,,,,
109875141,2,,,,
109875144,3,,,,
109875148,2,,,,
118275082,1,,,,
118275050,3,,,,
118275051,2,,,,
110600484,2,,,,
110600486,1,,,,
118275054,1,,,,
110600491,1,,,,
109875107,6,,,,
109875111,2,,,,
109875115,1,,,,
109875120,2,,,,
118275047,1,,,,
118275048,1,,,,
109875079,1,,,,
110075264,1,,,,
110075273,1,,,,
110075279,1,,,,
122876389,2,,,,
122876410,2,,,,
122876431,1,,,,
122876450,1,,,,
122876460,1,,,,
122876464,1,,,,
110075581,4,,,,
110075583,5,,,,
110075587,1,,,,
110075591,3,,,,
110075594,1,,,,
110075596,1,,,,
122851395,4,,,,
122851403,3,,,,
122851415,1,,,,
122851424,2,,,,
122851432,1,,,,
122851441,1,,,,
117125123,1,,,,
110075518,5,,,,
110075521,3,,,,
110075525,1,,,,
110075528,2,,,,
110075531,1,,,,
110075533,2,,,,
110075454,4,,,,
110075456,4,,,,
110075459,1,,,,
110075462,3,,,,
110075465,2,,,,
110075468,2,,,,
122275055,2,,,,
122275056,3,,,,
122275057,1,,,,
122275058,2,,,,
122275060,1,,,,
121450039,4,,,,
121450040,2,,,,
121450041,1,,,,
121450042,1,,,,
121450044,1,,,,
110075560,4,,,,
110075562,4,,,,
110075566,2,,,,
110075568,2,,,,
110075571,1,,,,
110075574,1,,,,
110075439,6,,,,
110075442,5,,,,
110075443,1,,,,
110075445,3,,,,
110075448,3,,,,
110075450,1,,,,
118925756,1,,,,
107382762,3,,,,
123000082,1,,,,
113125059,2,,,,
119725189,1,,,,
119725192,1,,,,
119725217,2,,,,
119725219,1,,,,
119725221,1,,,,
118925984,3,,,,
118925992,1,,,,
118926000,1,,,,
118926008,1,,,,
118926025,2,,,,
118925734,4,,,,
118925742,4,,,,
118925750,2,,,,
118925761,2,,,,
118925785,1,,,,
118925996,3,,,,
118926003,1,,,,
118926013,1,,,,
118926021,1,,,,
118926036,1,,,,
118925417,1,,,,
118925426,2,,,,
118925434,1,,,,
118925443,1,,,,
118925462,1,,,,
107382807,1,,,,
109925171,2,,,,
123000127,2,,,,
108125709,2,,,,
108125712,1,,,,
108125727,1,,,,
108125733,3,,,,
108125737,4,,,,
108125741,2,,,,
108125791,1,,,,
108125817,1,,,,
108125821,2,,,,
109925087,1,,,,
113150036,4,,,,
122976355,1,,,,
123000036,1,,,,
124250051,1,,,,
124250052,1,,,,
124250056,1,,,,
124250061,2,,,,
124250062,2,,,,
124250063,2,,,,
124250065,1,,,,
124250066,1,,,,
124250075,2,,,,
124250077,3,,,,
124125074,1,,,,
107200036,2,,,,
114825870,1,,,,
110650091,2,,,,
122800271,2,,,,
122750498,2,,,,
123027487,1,,,,
107375766,2,,,,
114750345,3,,,,
105900008,3,,,,
105900010,1,,,,
105900022,2,,,,
105900025,2,,,,
107385353,1,,,,
112850051,2,,,,
112850052,1,,,,
112850056,3,,,,
112850057,9,,,,
112850058,3,,,,
112850059,2,,,,
117375834,3,,,,
117375864,1,,,,
117375992,1,,,,
117376023,1,,,,
117376056,2,,,,
117376095,2,,,,
117375491,1,,,,
117375704,1,,,,
109875300,2,,,,
114809337,2,,,,
117401543,3,,,,
117401567,1,,,,
112950154,2,,,,
107377177,1,,,,
122800262,1,,,,
112900110,1,,,,
112900111,1,,,,
112900112,1,,,,
112900113,8,,,,
104457709,1,,,,
104457711,2,,,,
114804420,2,,,,
104457716,2,,,,
114804423,1,,,,
104457721,1,,,,
114804424,1,,,,
110025921,2,,,,
110025930,2,,,,
110025938,1,,,,
110025949,1,,,,
114828689,1,,,,
104457726,2,,,,
104457729,1,,,,
104457730,1,,,,
104457734,1,,,,
104457737,1,,,,
104457739,1,,,,
104457741,4,,,,
104457744,2,,,,
104457748,1,,,,
104457751,2,,,,
104457757,1,,,,
110026604,1,,,,
110026611,1,,,,
3810778,1,,,,
110026628,1,,,,
110026634,3,,,,
109926543,2,,,,
109926546,1,,,,
109926552,1,,,,
3823772,1,,,,
3823773,2,,,,
3823774,2,,,,
3823775,1,,,,
104458859,3,,,,
104458864,3,,,,
104458868,1,,,,
104458874,1,,,,
104458878,1,,,,
104458884,1,,,,
104458801,3,,,,
104458806,2,,,,
104458812,2,,,,
104458817,2,,,,
104458827,2,,,,
112000036,5,,,,
112000037,2,,,,
112000041,1,,,,
113125941,6,,,,
113125945,2,,,,
107525044,1,,,,
113125948,1,,,,
113125951,1,,,,
113125954,2,,,,
113125958,1,,,,
113126149,2,,,,
113126152,1,,,,
113126155,1,,,,
113126159,2,,,,
113126163,2,,,,
3823641,1,,,,
107950052,1,,,,
107950054,1,,,,
110026411,6,,,,
110026423,4,,,,
110026434,2,,,,
110026441,2,,,,
110026450,1,,,,
110026459,1,,,,
123026249,3,,,,
123026266,1,,,,
123026278,1,,,,
110026334,1,,,,
110026346,2,,,,
110026360,2,,,,
110026371,1,,,,
110026392,1,,,,
107525039,1,,,,
3823802,2,,,,
3823804,1,,,,
104458899,1,,,,
114800458,3,,,,
114800460,2,,,,
114800471,1,,,,
114800473,2,,,,
114800475,5,,,,
114800478,3,,,,
114800508,1,,,,
123126517,1,,,,
123126598,1,,,,
114800484,2,,,,
114800500,1,,,,
117377009,1,,,,
114801028,2,,,,
114801029,1,,,,
114801038,1,,,,
114801041,3,,,,
114801042,2,,,,
114800535,2,,,,
114800537,1,,,,
114800550,1,,,,
114800551,3,,,,
114800553,2,,,,
123127134,1,,,,
123127139,1,,,,
123127180,1,,,,
118925385,1,,,,
118925452,2,,,,
118925463,1,,,,
118925474,2,,,,
118926386,1,,,,
118926432,1,,,,
118926352,2,,,,
118926358,3,,,,
118926364,2,,,,
118926374,1,,,,
3826252,1,,,,
3826255,1,,,,
3826256,1,,,,
3826257,2,,,,
114750116,3,,,,
124275042,2,,,,
124275044,1,,,,
124275036,1,,,,
124275037,1,,,,
124275039,1,,,,
117075093,2,,,,
117075095,2,,,,
117075106,4,,,,
117075109,6,,,,
117075111,3,,,,
123127109,1,,,,
124450048,3,,,,
117075114,2,,,,
117075118,1,,,,
117075128,4,,,,
117075129,4,,,,
117075132,3,,,,
123126967,2,,,,
123126974,1,,,,
123126994,1,,,,
123127029,3,,,,
123127038,6,,,,
123127044,4,,,,
124876514,4,,,,
124877135,3,,,,
124876518,4,,,,
123550108,3,,,,
123550549,2,,,,
123550125,2,,,,
123550555,2,,,,
123550561,1,,,,
123550434,3,,,,
123550445,2,,,,
123550470,1,,,,
123550273,3,,,,
123550603,1,,,,
123550291,2,,,,
123550607,1,,,,
123550611,1,,,,
123550326,1,,,,
123550106,3,,,,
123550298,1,,,,
123550123,2,,,,
123550312,2,,,,
123550330,2,,,,
123550163,1,,,,
123550096,3,,,,
123550116,3,,,,
123550159,1,,,,
123550296,4,,,,
123575049,2,,,,
123550314,3,,,,
123575050,3,,,,
123575051,2,,,,
123550350,2,,,,
123550297,3,,,,
123550313,2,,,,
123550347,1,,,,
123550489,3,,,,
123550503,1,,,,
123550522,1,,,,
124950113,1,,,,
124950145,1,,,,
124950122,1,,,,
124950147,2,,,,
124950129,1,,,,
124950152,1,,,,
123550272,2,,,,
123550437,3,,,,
123550289,3,,,,
123550448,2,,,,
123550306,1,,,,
123550474,1,,,,
123550100,2,,,,
123550292,3,,,,
123550118,3,,,,
123550310,2,,,,
123550139,2,,,,
123550349,2,,,,
123550282,1,,,,
123550294,2,,,,
123550311,1,,,,
123550109,2,,,,
123550110,3,,,,
123550129,1,,,,
123550130,5,,,,
123550149,2,,,,
123550168,1,,,,
124925079,1,,,,
123550283,4,,,,
123550284,3,,,,
123550295,4,,,,
123550301,2,,,,
123550315,2,,,,
123550333,1,,,,
123550551,3,,,,
123550557,2,,,,
123550569,1,,,,
123550545,2,,,,
123550553,2,,,,
123550559,2,,,,
123550438,3,,,,
123550443,3,,,,
123550449,3,,,,
123550456,1,,,,
123550462,2,,,,
123550482,1,,,,
123550099,2,,,,
123550107,1,,,,
123550120,3,,,,
123550124,2,,,,
123550138,2,,,,
123550158,2,,,,
123550095,2,,,,
123550300,3,,,,
123550117,4,,,,
123550319,2,,,,
123550137,2,,,,
123550105,2,,,,
123550111,2,,,,
123550112,5,,,,
123550127,3,,,,
123550128,7,,,,
123550131,1,,,,
123550148,4,,,,
123550162,3,,,,
123550165,1,,,,
123550281,3,,,,
123550286,3,,,,
123550299,2,,,,
123550302,5,,,,
123550318,3,,,,
123550332,2,,,,
123550431,1,,,,
123550442,4,,,,
123550455,1,,,,
123550550,4,,,,
123550556,2,,,,
123550568,2,,,,
123550113,2,,,,
123550440,4,,,,
123550132,5,,,,
123550453,4,,,,
123550151,4,,,,
123550480,3,,,,
123550544,3,,,,
123550552,3,,,,
123550558,1,,,,
123550237,1,,,,
123550271,1,,,,
123550602,2,,,,
123550605,3,,,,
123550609,1,,,,
108100088,1,,,,
108100090,1,,,,
108100094,1,,,,
109926627,4,,,,
109926616,5,,,,
113126193,6,,,,
107382798,4,,,,
113150778,1,,,,
113150779,1,,,,
113150784,3,,,,
113150785,4,,,,
113150786,1,,,,
125025101,1,,,,
125025102,1,,,,
125025106,1,,,,
125025111,2,,,,
125025112,2,,,,
125025113,2,,,,
125025143,1,,,,
125025144,1,,,,
125025148,1,,,,
125025153,3,,,,
125025154,3,,,,
103200031,1,,,,
103200032,2,,,,
103200036,1,,,,
103200037,3,,,,
103200038,4,,,,
103200039,2,,,,
104451663,2,,,,
104451664,7,,,,
104451669,2,,,,
104451672,3,,,,
104451674,3,,,,
104451677,1,,,,
122825675,4,,,,
104451682,1,,,,
104451684,3,,,,
123125848,1,,,,
123125890,1,,,,
123125895,1,,,,
123125899,2,,,,
123125959,1,,,,
123125973,1,,,,
123125987,1,,,,
123125990,1,,,,
123125849,1,,,,
123125870,1,,,,
123125891,2,,,,
123125900,2,,,,
123125911,2,,,,
123125944,1,,,,
123125949,1,,,,
123125950,1,,,,
119775038,4,,,,
123350060,4,,,,
123350059,4,,,,
118800041,2,,,,
118800044,3,,,,
119775039,1,,,,
119775041,3,,,,
110026227,1,,,,
110026244,1,,,,
110026258,1,,,,
110026273,2,,,,
110026283,3,,,,
110026248,2,,,,
110026262,1,,,,
110026274,3,,,,
110026284,2,,,,
110026234,1,,,,
110026250,2,,,,
110026264,3,,,,
110026275,2,,,,
110026288,2,,,,
110026254,2,,,,
110026265,1,,,,
110026277,2,,,,
114751045,1,,,,
114751060,1,,,,
114751082,2,,,,
114751100,1,,,,
114751049,1,,,,
114751087,1,,,,
114751105,1,,,,
114751051,1,,,,
114751199,2,,,,
114751158,1,,,,
114751179,1,,,,
114751204,1,,,,
114751217,1,,,,
114751183,1,,,,
114751209,1,,,,
114751220,1,,,,
114751211,1,,,,
123176071,2,,,,
123175995,2,,,,
123176034,1,,,,
123176077,1,,,,
123176111,1,,,,
123176006,2,,,,
123176045,2,,,,
123176083,2,,,,
123176016,2,,,,
123176053,1,,,,
123176089,2,,,,
124876192,1,,,,
124876193,1,,,,
124876197,1,,,,
124876202,2,,,,
124876203,1,,,,
124875472,1,,,,
124875521,1,,,,
124875555,2,,,,
124875560,1,,,,
124875571,1,,,,
3821694,3,,,,
3821695,2,,,,
3821699,2,,,,
3821700,6,,,,
3821701,4,,,,
3821702,2,,,,
122876876,1,,,,
122876881,1,,,,
122876886,2,,,,
122876887,3,,,,
122876888,1,,,,
3821749,1,,,,
3821750,4,,,,
3821754,3,,,,
3821755,2,,,,
3821756,4,,,,
3821757,1,,,,
123175359,1,,,,
123175373,1,,,,
123175395,1,,,,
123175400,1,,,,
123027939,1,,,,
123027943,1,,,,
123027988,1,,,,
123027994,2,,,,
3707360,1,,,,
124900043,1,,,,
124900056,1,,,,
124900076,1,,,,
124875301,1,,,,
124875336,1,,,,
124875338,1,,,,
124875349,1,,,,
124875384,2,,,,
124875387,2,,,,
124875390,1,,,,
123176177,2,,,,
123176187,2,,,,
114803164,3,,,,
114803165,1,,,,
123177113,1,,,,
114803171,3,,,,
114803172,1,,,,
114803173,3,,,,
114803174,4,,,,
123027005,1,,,,
123027008,1,,,,
123027034,3,,,,
123027037,2,,,,
123027039,2,,,,
114803185,2,,,,
123177143,1,,,,
123177144,2,,,,
114803187,2,,,,
123177146,1,,,,
117225278,1,,,,
117225281,1,,,,
117225304,2,,,,
117225307,1,,,,
110100181,1,,,,
110100187,1,,,,
110100192,2,,,,
110100194,1,,,,
110100196,1,,,,
123126544,1,,,,
123126570,2,,,,
123126595,1,,,,
123126620,1,,,,
123126645,3,,,,
123126651,1,,,,
123126657,2,,,,
123176197,4,,,,
123176204,2,,,,
123176211,1,,,,
123176221,1,,,,
101775037,2,,,,
101775038,3,,,,
101775039,1,,,,
101775040,1,,,,
123176334,2,,,,
123176338,2,,,,
114750058,1,,,,
123030871,6,,,,
123030898,5,,,,
117400437,4,,,,
116050038,1,,,,
116050039,1,,,,
116050047,1,,,,
116050050,2,,,,
116050053,3,,,,
116050056,2,,,,
118926354,1,,,,
118926475,1,,,,
118926560,1,,,,
118926574,2,,,,
118926588,2,,,,
108126352,1,,,,
108126358,2,,,,
108126359,3,,,,
108126360,2,,,,
116050054,1,,,,
114775173,1,,,,
123000170,1,,,,
123000175,2,,,,
123000188,1,,,,
117125430,1,,,,
117125447,1,,,,
117125454,1,,,,
3750543,4,,,,
3750544,4,,,,
113125901,1,,,,
3750545,2,,,,
113125903,1,,,,
113125905,3,,,,
113125907,2,,,,
123175959,1,,,,
123175964,2,,,,
123175968,2,,,,
123176037,1,,,,
123176047,2,,,,
123176057,2,,,,
123176114,1,,,,
123176120,2,,,,
123176131,2,,,,
117150537,2,,,,
117150541,5,,,,
117150545,4,,,,
117150558,1,,,,
117150586,2,,,,
117150599,4,,,,
109875276,1,,,,
113127224,4,,,,
113127225,7,,,,
113127227,6,,,,
113127229,3,,,,
113127231,1,,,,
114750236,2,,,,
114750251,3,,,,
114750269,4,,,,
114750293,1,,,,
113850083,1,,,,
114775204,1,,,,
114775205,1,,,,
123176648,2,,,,
123176653,2,,,,
117150565,1,,,,
123000426,2,,,,
123000433,1,,,,
3750550,1,,,,
113125890,3,,,,
3750551,2,,,,
113125891,5,,,,
113125892,6,,,,
113125893,2,,,,
113125895,1,,,,
123176358,1,,,,
123176364,2,,,,
123176373,2,,,,
117125474,1,,,,
117125480,1,,,,
122976503,1,,,,
122976520,1,,,,
122976538,2,,,,
123175485,1,,,,
123175498,2,,,,
123175518,2,,,,
113825078,1,,,,
113127182,1,,,,
117125421,1,,,,
117125422,3,,,,
117125426,4,,,,
117125432,1,,,,
117125465,1,,,,
117125473,2,,,,
113128336,4,,,,
113128339,7,,,,
113128341,3,,,,
113128343,3,,,,
113128346,2,,,,
114775155,2,,,,
114775158,4,,,,
114775161,4,,,,
114775165,1,,,,
113850071,1,,,,
118925806,1,,,,
118925958,1,,,,
118925995,2,,,,
118926032,1,,,,
118926064,1,,,,
117150563,1,,,,
117150572,1,,,,
117150581,1,,,,
117150589,1,,,,
123126677,1,,,,
123126692,2,,,,
123126703,2,,,,
123126798,1,,,,
123126809,2,,,,
123126816,1,,,,
113950101,3,,,,
113950102,4,,,,
113950103,4,,,,
113950104,1,,,,
113950105,2,,,,
110475079,1,,,,
110475082,5,,,,
110475086,5,,,,
110475095,1,,,,
123176720,1,,,,
123176729,1,,,,
123176737,2,,,,
3831483,4,,,,
3831484,6,,,,
3831485,6,,,,
3831486,1,,,,
3831487,3,,,,
101775001,2,,,,
101775002,1,,,,
104450698,1,,,,
104450703,1,,,,
104450707,1,,,,
3831603,1,,,,
123125234,1,,,,
123125253,1,,,,
123125274,2,,,,
113126395,1,,,,
123125385,2,,,,
123125396,2,,,,
109900733,3,,,,
109900742,5,,,,
109900749,7,,,,
109900757,3,,,,
109900761,2,,,,
114775125,2,,,,
114775128,1,,,,
123125485,2,,,,
113950108,3,,,,
113950109,6,,,,
113950110,5,,,,
113950111,2,,,,
110475166,3,,,,
110475169,2,,,,
110475173,3,,,,
123126533,1,,,,
123126541,2,,,,
123126548,2,,,,
3831504,3,,,,
3831505,6,,,,
3831506,8,,,,
3831507,2,,,,
101750318,1,,,,
101750336,2,,,,
104450503,1,,,,
104450512,1,,,,
104450523,1,,,,
123125419,1,,,,
123125424,2,,,,
123125429,1,,,,
113125857,1,,,,
113125862,3,,,,
123125492,1,,,,
123125496,2,,,,
123125511,2,,,,
109900582,4,,,,
109900588,7,,,,
109900593,7,,,,
109900600,3,,,,
3752135,5,,,,
3752136,3,,,,
3752137,2,,,,
3752138,2,,,,
3752139,1,,,,
3752140,2,,,,
109925549,1,,,,
3827900,1,,,,
123052791,7,,,,
123052806,2,,,,
123052829,4,,,,
103825003,1,,,,
103825005,5,,,,
114803076,5,,,,
118925671,1,,,,
114802028,2,,,,
114802040,1,,,,
114802069,1,,,,
114802084,1,,,,
104457132,1,,,,
104457133,3,,,,
104457135,8,,,,
104457137,3,,,,
104457140,1,,,,
104457142,2,,,,
122851283,1,,,,
122851287,1,,,,
122851292,2,,,,
104457150,2,,,,
104457152,2,,,,
104457175,5,,,,
104457178,10,,,,
104457181,7,,,,
104457183,4,,,,
104457186,3,,,,
104457189,3,,,,
117251994,5,,,,
117252002,3,,,,
117252009,3,,,,
117252017,2,,,,
117252023,5,,,,
117252030,2,,,,
3811168,1,,,,
122876465,2,,,,
3811169,1,,,,
122876474,2,,,,
3811170,1,,,,
122876486,1,,,,
3811171,1,,,,
3811173,1,,,,
114802640,2,,,,
114802642,1,,,,
104459256,1,,,,
104459261,4,,,,
104459267,1,,,,
104459274,1,,,,
122925384,3,,,,
122925385,2,,,,
122925399,1,,,,
104459214,2,,,,
104459221,2,,,,
104459224,2,,,,
104459231,1,,,,
114802161,1,,,,
114802164,2,,,,
114802168,1,,,,
114802172,1,,,,
114802464,3,,,,
114802465,4,,,,
114802466,3,,,,
114802468,1,,,,
114802403,2,,,,
114802406,1,,,,
118925700,5,,,,
118925711,3,,,,
118925724,1,,,,
118925737,2,,,,
118925745,1,,,,
123027458,2,,,,
123027463,2,,,,
123027468,2,,,,
123027472,3,,,,
123027485,1,,,,
118926301,1,,,,
118926317,1,,,,
114828583,1,,,,
118925823,2,,,,
118925832,2,,,,
123026121,4,,,,
3783881,3,,,,
123026124,1,,,,
3783882,1,,,,
123026136,2,,,,
118925382,1,,,,
113000633,2,,,,
113000651,1,,,,
113000652,1,,,,
122851341,1,,,,
122851345,1,,,,
122851361,2,,,,
122851365,3,,,,
122851369,2,,,,
109875172,4,,,,
110051570,1,,,,
110051576,2,,,,
110051589,2,,,,
114806228,1,,,,
114806238,10,,,,
114806241,2,,,,
114806243,2,,,,
117250671,2,,,,
117250681,3,,,,
114806247,2,,,,
114806257,2,,,,
114806259,4,,,,
103550009,1,,,,
122875983,1,,,,
122875987,1,,,,
122875992,1,,,,
117150052,2,,,,
117150053,1,,,,
117150062,2,,,,
117150064,3,,,,
117150066,2,,,,
117150045,2,,,,
117150048,2,,,,
114807495,1,,,,
114803140,1,,,,
114803216,1,,,,
117225803,6,,,,
117225822,1,,,,
117225823,3,,,,
117225826,3,,,,
117225829,6,,,,
123176088,1,,,,
123176158,1,,,,
117225876,1,,,,
117225903,1,,,,
117225910,1,,,,
123176476,1,,,,
123176483,2,,,,
123176496,1,,,,
123176506,2,,,,
123176508,4,,,,
123176510,1,,,,
117225916,5,,,,
117225919,1,,,,
117225930,1,,,,
117225933,4,,,,
117225935,6,,,,
117225940,4,,,,
123176417,1,,,,
123176459,1,,,,
117225837,2,,,,
117225841,2,,,,
117225857,1,,,,
117225861,3,,,,
117225865,6,,,,
117225869,4,,,,
114804927,1,,,,
114804934,1,,,,
117150124,1,,,,
117150127,2,,,,
117150130,2,,,,
117150145,2,,,,
117150148,3,,,,
117150152,3,,,,
103575015,1,,,,
117150155,1,,,,
117125070,2,,,,
122876127,2,,,,
122876128,2,,,,
122876132,2,,,,
122876137,2,,,,
122876138,3,,,,
122876139,2,,,,
117125101,1,,,,
117125102,2,,,,
117125109,2,,,,
117125110,3,,,,
117125114,4,,,,
117125115,4,,,,
117125044,2,,,,
117125048,1,,,,
117125056,1,,,,
117125059,3,,,,
117125061,4,,,,
117251060,1,,,,
117251089,3,,,,
117251046,1,,,,
122875968,1,,,,
122875969,1,,,,
122875973,1,,,,
122875978,2,,,,
122875979,3,,,,
122875980,2,,,,
114807401,1,,,,
114807440,10,,,,
114802953,1,,,,
122876682,1,,,,
122876684,1,,,,
107377248,1,,,,
107377253,1,,,,
107377256,1,,,,
107377277,1,,,,
117402899,1,,,,
117402902,2,,,,
117402906,2,,,,
117402912,2,,,,
117402917,1,,,,
109925630,1,,,,
110025187,1,,,,
110025188,4,,,,
107382721,1,,,,
110025196,6,,,,
110025197,3,,,,
122925285,1,,,,
122925288,2,,,,
122925290,1,,,,
122925291,1,,,,
3823604,3,,,,
3823606,1,,,,
3823607,1,,,,
122876284,3,,,,
122876298,2,,,,
122876313,1,,,,
122876327,1,,,,
104459131,2,,,,
104459134,1,,,,
104459136,1,,,,
104459141,1,,,,
104459145,1,,,,
113126688,1,,,,
113126691,1,,,,
113126693,1,,,,
117401856,3,,,,
117401865,3,,,,
117401974,1,,,,
114809638,1,,,,
117402139,3,,,,
117402150,2,,,,
117402187,1,,,,
117402195,1,,,,
118925470,1,,,,
118925481,1,,,,
118925504,1,,,,
118927016,1,,,,
118927017,3,,,,
118927020,1,,,,
118927021,2,,,,
117250038,4,,,,
3763302,4,,,,
124775103,4,,,,
3734365,2,,,,
122750711,3,,,,
122750725,4,,,,
122976251,1,,,,
124800036,4,,,,
3618793,10,,,,
124800037,3,,,,
3618783,6,,,,
101825009,4,,,,
124775095,3,,,,
122750492,2,,,,
3763312,4,,,,
3734367,4,,,,
122750746,4,,,,
122750766,3,,,,
110025945,1,,,,
123675117,1,,,,
123675122,6,,,,
123675123,6,,,,
123675124,3,,,,
123675136,5,,,,
123675137,5,,,,
123675138,2,,,,
112975040,2,,,,
112975046,2,,,,
112975060,2,,,,
112975064,5,,,,
112975067,5,,,,
112975072,2,,,,
117376080,1,,,,
117376114,1,,,,
117376269,1,,,,
117376319,2,,,,
117375161,1,,,,
117375456,1,,,,
117375495,1,,,,
112975114,1,,,,
104453968,2,,,,
112975136,1,,,,
112975144,2,,,,
125000988,1,,,,
117401522,1,,,,
117401556,1,,,,
117401674,1,,,,
117401695,2,,,,
114808074,1,,,,
119150069,1,,,,
119150070,1,,,,
119150078,1,,,,
119150080,1,,,,
119150081,4,,,,
119150083,1,,,,
117250952,1,,,,
117250953,1,,,,
117250961,1,,,,
117250962,1,,,,
117250963,2,,,,
117250773,2,,,,
117250776,1,,,,
117250793,1,,,,
117250795,2,,,,
117250855,3,,,,
117250857,2,,,,
117250867,4,,,,
117250868,6,,,,
117250872,3,,,,
114750356,1,,,,
123000037,1,,,,
118925640,1,,,,
118925686,1,,,,
118925730,1,,,,
123126170,1,,,,
,15,,,,
9.35E+12,1,,,,
123128180,1,,,,
123141748,1,,,,
217875218,1,,,,
9999999,16,,,,
8888888,125,,,,
123176975,1,,,,
123176986,2,,,,
123176990,3,,,,
123176993,1,,,,
123177022,2,,,,
123177025,1,,,,
123177032,1,,,,
123177035,3,,,,
123177037,4,,,,
123177040,3,,,,
122825775,1,,,,
122825805,2,,,,
122825840,1,,,,
122825853,1,,,,
122825963,1,,,,
122825969,1,,,,
122825996,1,,,,
122826026,2,,,,
122826031,2,,,,
122826037,2,,,,
125026839,1,,,,
125026844,1,,,,
125026849,1,,,,
125026850,3,,,,
125026851,2,,,,
125026825,1,,,,
125026835,1,,,,
125026836,1,,,,
125026837,2,,,,
123177197,1,,,,
123177201,1,,,,
123177229,1,,,,
123177232,3,,,,
123177235,2,,,,
123177145,1,,,,
123177149,1,,,,
123177186,4,,,,
123177190,2,,,,
102750003,3,,,,
102750007,2,,,,
113775056,2,,,,
113775059,1,,,,
123475072,1,,,,
115650064,1,,,,
123052762,4,,,,
117400036,4,,,,
3816657,7,,,,
114825614,2,,,,
104451138,5,,,,
124877196,4,,,,
117400578,3,,,,
114825590,1,,,,
123550037,1,,,,
123052871,4,,,,
123052814,3,,,,
117400614,4,,,,
3820161,4,,,,
117400504,5,,,,
123052937,4,,,,
113125775,4,,,,
124877188,4,,,,
123052797,4,,,,
114825612,5,,,,
120600036,3,,,,
120575070,4,,,,
123052903,7,,,,
120575075,4,,,,
120575074,2,,,,
123030848,1,,,,
121025036,4,,,,
120575072,7,,,,
124877133,4,,,,
120575076,1,,,,
120575073,8,,,,
120575071,8,,,,
3763698,3,,,,
114825570,6,,,,
117400229,3,,,,
123052697,4,,,,
117400163,5,,,,
114825542,5,,,,
114825559,6,,,,
117400472,3,,,,
117400354,4,,,,
117400380,6,,,,
117400191,4,,,,
109901936,4,,,,
114675037,2,,,,
117400322,3,,,,
3820091,1,,,,
117400451,3,,,,
123030842,4,,,,
123030837,4,,,,
123029084,4,,,,
115025037,1,,,,
117400468,8,,,,
124877163,4,,,,
114825598,1,,,,
3785867,6,,,,
114826716,4,,,,
122975088,1,,,,
117250062,4,,,,
110051096,2,,,,
111925043,5,,,,
117250063,4,,,,
122750548,2,,,,
118925736,4,,,,
113801162,1,,,,
118925744,3,,,,
113801163,1,,,,
118925754,1,,,,
118925764,3,,,,
113801166,1,,,,
118925789,1,,,,
118925892,4,,,,
118925901,4,,,,
118925908,2,,,,
118925918,2,,,,
118925927,1,,,,
118925937,2,,,,
118925725,2,,,,
118925739,2,,,,
118925757,1,,,,
118925807,1,,,,
118925854,2,,,,
118925864,3,,,,
118925872,1,,,,
114801134,2,,,,
114801138,2,,,,
114801149,2,,,,
114801151,3,,,,
114801154,4,,,,
114801156,2,,,,
123127293,1,,,,
123127304,1,,,,
123127306,2,,,,
123127308,1,,,,
117377020,1,,,,
117377103,1,,,,
114801162,1,,,,
114801164,1,,,,
114801179,1,,,,
114801184,1,,,,
125025249,1,,,,
125025391,1,,,,
125025493,2,,,,
125025510,2,,,,
125025529,2,,,,
123127271,1,,,,
123127196,1,,,,
123127197,1,,,,
123127215,1,,,,
123127216,1,,,,
114801342,2,,,,
114801221,2,,,,
114801224,1,,,,
114801236,2,,,,
114801238,1,,,,
114801240,2,,,,
114802053,1,,,,
114825569,1,,,,
114825572,1,,,,
114825574,3,,,,
114825575,3,,,,
114825577,3,,,,
114825578,12,,,,
123028156,4,,,,
114825579,2,,,,
114825580,12,,,,
124926138,1,,,,
124926160,1,,,,
124926191,1,,,,
124926198,1,,,,
123025543,1,,,,
123025152,1,,,,
123025217,1,,,,
123025224,4,,,,
114805325,1,,,,
117375176,1,,,,
3727767,2,,,,
113125638,1,,,,
113125642,2,,,,
113125646,1,,,,
114829840,1,,,,
3789985,1,,,,
101754323,2,,,,
101754331,1,,,,
101754332,1,,,,
101754335,1,,,,
104453751,1,,,,
101754374,2,,,,
104453362,1,,,,
104453367,1,,,,
104453408,1,,,,
123126623,1,,,,
123126630,1,,,,
123126659,1,,,,
123126708,4,,,,
123126715,3,,,,
104454213,1,,,,
123126724,2,,,,
123176762,1,,,,
123176764,1,,,,
123176787,1,,,,
123176790,1,,,,
123176793,2,,,,
123126741,1,,,,
123126753,1,,,,
123126799,1,,,,
123126833,2,,,,
123126838,2,,,,
123126846,2,,,,
123126958,1,,,,
123126992,1,,,,
123127036,3,,,,
123127046,3,,,,
123127056,2,,,,
123176991,1,,,,
123177024,3,,,,
123177028,2,,,,
123177031,2,,,,
113226228,1,,,,
113226255,1,,,,
101700397,6,,,,
101700414,5,,,,
114829960,3,,,,
122827538,1,,,,
122850204,2,,,,
122750405,1,,,,
122750293,1,,,,
122750316,1,,,,
122750339,2,,,,
122750343,2,,,,
122750347,2,,,,
3779786,32,,,,
104125002,4,,,,
3779787,8,,,,
3779791,12,,,,
104125013,8,,,,
3779792,19,,,,
104125016,11,,,,
104125019,5,,,,
3779794,9,,,,
104125022,7,,,,
122750292,2,,,,
122750311,1,,,,
122750335,2,,,,
122750338,2,,,,
122750342,2,,,,
117125801,1,,,,
122750403,2,,,,
122750436,1,,,,
122750438,2,,,,
122750349,1,,,,
122750370,1,,,,
122750389,1,,,,
122750394,2,,,,
122750398,2,,,,
104453666,1,,,,
114829788,1,,,,
117125505,1,,,,
113025432,1,,,,
123925037,1,,,,
123925047,1,,,,
123925048,2,,,,
123925049,2,,,,
123925065,1,,,,
123925075,2,,,,
123925076,1,,,,
123925077,1,,,,
117251416,1,,,,
117251419,1,,,,
117251433,1,,,,
117251434,2,,,,
110025680,1,,,,
110025697,2,,,,
110025702,2,,,,
110025704,1,,,,
110025708,2,,,,
113225977,1,,,,
113225987,2,,,,
113225989,3,,,,
113025141,1,,,,
113025170,2,,,,
113025173,1,,,,
113025176,2,,,,
3779808,3,,,,
104125004,5,,,,
3779809,2,,,,
104125007,4,,,,
3779813,4,,,,
104125011,6,,,,
3779814,18,,,,
104125014,30,,,,
3779815,11,,,,
104125018,8,,,,
3779816,2,,,,
104125021,12,,,,
114828985,1,,,,
122750298,1,,,,
122750340,1,,,,
122750345,2,,,,
122750348,4,,,,
114829909,1,,,,
114829055,1,,,,
122750411,1,,,,
122750443,3,,,,
122750445,3,,,,
122827216,1,,,,
122827297,1,,,,
122827305,1,,,,
122827311,2,,,,
122827086,1,,,,
122827189,2,,,,
122827198,2,,,,
110575102,1,,,,
101675006,4,,,,
101675008,1,,,,
107382245,1,,,,
104454436,1,,,,
104454441,8,,,,
104454471,2,,,,
122826238,1,,,,
104453951,1,,,,
3756042,9,,,,
3756047,1,,,,
110050720,1,,,,
3788506,4,,,,
122976363,4,,,,
122976383,4,,,,
122976388,4,,,,
114725037,3,,,,
122976365,3,,,,
